model,train_accuracy,train_precision,train_recall,train_f1,train_roc_auc,train_pr_auc,test_accuracy,test_precision,test_recall,test_f1,test_roc_auc,test_pr_auc
Dummy,0.8384353741496599,0.0,0.0,0.0,0.5,0.16156462585034015,0.8401360544217688,0.0,0.0,0.0,0.5,0.1598639455782313
LogisticRegression,0.8086734693877551,0.4489795918367347,0.8105263157894737,0.5778611632270169,0.8883740792142629,0.7119256652751178,0.7891156462585034,0.40963855421686746,0.723404255319149,0.5230769230769231,0.8266000516840384,0.5240677366680222
RandomForest,1.0,1.0,1.0,1.0,1.0,1.0,0.8401360544217688,0.5,0.06382978723404255,0.11320754716981132,0.7832715996209837,0.40590098467601715
