accuracy,precision,recall,f1,roc_auc,pr_auc,fold
0.8559322033898306,1.0,0.10526315789473684,0.19047619047619047,0.8033625730994152,0.5935563833102279,1
0.851063829787234,1.0,0.07894736842105263,0.14634146341463414,0.7938151215602458,0.47029456084968313,2
0.8723404255319149,1.0,0.21052631578947367,0.34782608695652173,0.8672855997862677,0.6747736590467697,3
0.8723404255319149,0.9,0.23684210526315788,0.375,0.8374966604328079,0.5825311081262897,4
0.8723404255319149,0.7857142857142857,0.2894736842105263,0.4230769230769231,0.7765161635052098,0.5500474128320166,5
