,mean,std
accuracy,0.8648034619545619,0.010462960629224742
precision,0.9371428571428572,0.09508320738453563
recall,0.18421052631578946,0.08924118398849037
f1,0.2965441327848539,0.12104437121854937
roc_auc,0.8156952236767893,0.03640982507018657
pr_auc,0.5742406248329974,0.07405878970716816
fold,3.0,1.5811388300841898
